Keyword,URL
cybersecurity,https://finance.yahoo.com/news/keeper-security-survey-finds-most-120000428.html
cybersecurity,https://www.ssuiteoffice.com/categories/personalsecurity.htm
cybersecurity,https://bit.ly/3XXBBx3
cybersecurity,https://blog.ssuiteoffice.com/articles/ssuiteoffice/keep-your-private-data-secure-with-encryption.htm
cybersecurity,https://liberationtek.com/custom/
cybersecurity,https://bit.ly/3zw7X6k
cybersecurity,https://bit.ly/3zw7X6k
cybersecurity,https://bit.ly/3zw7X6k
cybersecurity,https://www.isafecomplete.com/how-edr-solutions-can-give-your-cybersecurity-a-boost-over-traditional-anti-virus-software/
cybersecurity,https://www.msn.com/en-gb/news/newslondon/reddit-confirms-it-was-hacked-after-employee-was-victim-of-phishing-attack/ar-AA17kh2r
cybersecurity,https://www.foreignaffairs.com/united-states/stop-passing-buck-cybersecurity
cybersecurity,https://www.forbes.com/sites/forrester/2023/02/07/chatgpt-cybersecurity-ramifications/?sh=7a2b28805c1c
cybersecurity,https://www.ntd.com/ransomware-attacks-in-europe-target-known-server-vulnerability-cybersecurity-agencies-warn_899443.html
cybersecurity,https://liberationtek.com/news/how-to-liberate-your-digital-world/
cybersecurity,https://thinkingoverload9.blogspot.com/2023/02/Cyber-Attacks-On-Critical-Infrastructure.html
cybersecurity,https://liberationtek.com/
cybersecurity,https://replaye.com/watch/global-cybersecurity-outlook-2023-plans-for-a-cyber-attack-to-take-out-global-supply-chains_ApPFSKucODY1YWE.html
cybersecurity,https://liberationtek.com/
